,Network_Model,Height_&_Weight,Neurons,Hidden_Layers,Activation_Function,Accuracy,Loss
0,obese_or_overweight,Yes,30,2,selu,0.9974226951599121,0.012662149034440517
1,obese_or_overweight,No,35,2,selu,0.8891752362251282,0.39317014813423157
2,obese_overweight_or_not,Yes,35,3,selu,0.9924242496490479,0.028113801032304764
3,obese_overweight_or_not,No,25,3,softmax,0.9185606241226196,0.26674655079841614
